File Name,Date,Classification,AI Probability (%),Global Index,Index,Old File Name,AI/Human,File Extension,Word Count,Timestamp,"Statement of Consent
By checking the box below, you acknowledge that you are at least 18 years of age; you have read this consent form or have had it read to you; your questions have been answered to your satisfaction, and you voluntarily agree to participate in this research study.",Essay Release Permission,Is English your first language?,"If a student is caught copying their answers on a writing assignment from another student, what should the punishment be?","Suppose a student is using a Large Language Model (LLM), such as ChatGPT, when they are not allowed to use an LLM on an assignment. What should the consequence be when a student gets caught using an LLM?",Gender Identity (Optional),Choose one or more races that you consider yourself to be (Optional),Role,Class Standing,What is/was your approximate undergraduate GPA on a 4.0 scale?,What is/was your approximate undergraduate GPA on a 4.0 scale?.1
fff8157e84b76dd28c6ecc48fc7f235c.docx,12/13/2023,MIXED,48,111,40,11_9_2023 14_26_58_5_human.docx,Human,.docx,425,11/9/2023 14:26,I consent,"Yes, I consent",Yes,Automatic zero on assignment,Conversation with professor followed by further scrutiny,Man,"White or Caucasian, Asian",Undergraduate student,Senior (at least 90 credits),3.6 - 4.0,
fa7e34f35f8bd8cb556eebcf91791528.docx,12/13/2023,HUMAN_ONLY,1,106,35,11_9_2023 14_26_58_28_human.docx,Human,.docx,321,11/9/2023 14:26,I consent,"Yes, I consent",Yes,Automatic zero on assignment,Conversation with professor followed by further scrutiny,Man,"White or Caucasian, Asian",Undergraduate student,Senior (at least 90 credits),3.6 - 4.0,
f9167bfcccd2d324146b13bd93373718.docx,12/13/2023,AI_ONLY,92,74,3,1192023 142658_12_ai.docx,AI,.docx,190,11/9/2023 14:26,I consent,"Yes, I consent",Yes,Automatic zero on assignment,Conversation with professor followed by further scrutiny,Man,"White or Caucasian, Asian",Undergraduate student,Senior (at least 90 credits),3.6 - 4.0,
f6adfb8813c03715fa0c04f6716355b2.docx,12/13/2023,MIXED,51,82,11,1192023 142658_4_ai.docx,AI,.docx,793,11/9/2023 14:26,I consent,"Yes, I consent",Yes,Automatic zero on assignment,Conversation with professor followed by further scrutiny,Man,"White or Caucasian, Asian",Undergraduate student,Senior (at least 90 credits),3.6 - 4.0,
ee9c02995613c687de7e6b5eb128d817.docx,12/13/2023,MIXED,21,107,36,11_9_2023 14_26_58_29_human.docx,Human,.docx,2092,11/9/2023 14:26,I consent,"Yes, I consent",Yes,Automatic zero on assignment,Conversation with professor followed by further scrutiny,Man,"White or Caucasian, Asian",Undergraduate student,Senior (at least 90 credits),3.6 - 4.0,
ebd0a65c27e2bd3f0b63642a4bde2e89.docx,12/13/2023,MIXED,43,75,4,1192023 142658_13_ai.docx,AI,.docx,624,11/9/2023 14:26,I consent,"Yes, I consent",Yes,Automatic zero on assignment,Conversation with professor followed by further scrutiny,Man,"White or Caucasian, Asian",Undergraduate student,Senior (at least 90 credits),3.6 - 4.0,
eb72ec28312d4d3890f52a7db88da7ed.docx,12/13/2023,HUMAN_ONLY,2,93,22,11_9_2023 14_26_58_15_human.docx,Human,.docx,194,11/9/2023 14:26,I consent,"Yes, I consent",Yes,Automatic zero on assignment,Conversation with professor followed by further scrutiny,Man,"White or Caucasian, Asian",Undergraduate student,Senior (at least 90 credits),3.6 - 4.0,
e0315f8647e16ec29c73258b66771d33.docx,12/13/2023,HUMAN_ONLY,0,115,44,11_9_2023 14_26_58_9_human.docx,Human,.docx,478,11/9/2023 14:26,I consent,"Yes, I consent",Yes,Automatic zero on assignment,Conversation with professor followed by further scrutiny,Man,"White or Caucasian, Asian",Undergraduate student,Senior (at least 90 credits),3.6 - 4.0,
e7f658d19922fffe0aa802d10019e8a0.docx,12/13/2023,HUMAN_ONLY,1,99,28,11_9_2023 14_26_58_20_human.docx,Human,.docx,5008,11/9/2023 14:26,I consent,"Yes, I consent",Yes,Automatic zero on assignment,Conversation with professor followed by further scrutiny,Man,"White or Caucasian, Asian",Undergraduate student,Senior (at least 90 credits),3.6 - 4.0,
e4c90208abc57f833f44e48c1dfea330.docx,12/13/2023,HUMAN_ONLY,1,101,30,11_9_2023 14_26_58_22_human.docx,Human,.docx,777,11/9/2023 14:26,I consent,"Yes, I consent",Yes,Automatic zero on assignment,Conversation with professor followed by further scrutiny,Man,"White or Caucasian, Asian",Undergraduate student,Senior (at least 90 credits),3.6 - 4.0,
d59325d78434e56a7b57ab85cd8e1f11.docx,12/13/2023,HUMAN_ONLY,1,96,25,11_9_2023 14_26_58_18_human.docx,Human,.docx,573,11/9/2023 14:26,I consent,"Yes, I consent",Yes,Automatic zero on assignment,Conversation with professor followed by further scrutiny,Man,"White or Caucasian, Asian",Undergraduate student,Senior (at least 90 credits),3.6 - 4.0,
cfe8dec2e02236f024eb2a19272c9d7c.docx,12/13/2023,MIXED,45,86,15,1192023 142658_8_ai.docx,AI,.docx,119,11/9/2023 14:26,I consent,"Yes, I consent",Yes,Automatic zero on assignment,Conversation with professor followed by further scrutiny,Man,"White or Caucasian, Asian",Undergraduate student,Senior (at least 90 credits),3.6 - 4.0,
bfe7d9d5ab46c58ecfb52605b9237457.docx,12/13/2023,MIXED,13,81,10,1192023 142658_3_ai.docx,AI,.docx,768,11/9/2023 14:26,I consent,"Yes, I consent",Yes,Automatic zero on assignment,Conversation with professor followed by further scrutiny,Man,"White or Caucasian, Asian",Undergraduate student,Senior (at least 90 credits),3.6 - 4.0,
bc161f9b1384b2a11fb0a97eff1195f8.docx,12/13/2023,MIXED,38,108,37,11_9_2023 14_26_58_2_human.docx,Human,.docx,1292,11/9/2023 14:26,I consent,"Yes, I consent",Yes,Automatic zero on assignment,Conversation with professor followed by further scrutiny,Man,"White or Caucasian, Asian",Undergraduate student,Senior (at least 90 credits),3.6 - 4.0,
ba378c69ab13ba68706d1fd112c1cba8.docx,12/13/2023,MIXED,46,98,27,11_9_2023 14_26_58_1_human.docx,Human,.docx,488,11/9/2023 14:26,I consent,"Yes, I consent",Yes,Automatic zero on assignment,Conversation with professor followed by further scrutiny,Man,"White or Caucasian, Asian",Undergraduate student,Senior (at least 90 credits),3.6 - 4.0,
b44ea692a25083e81dec30b8f23bf292.docx,12/13/2023,MIXED,48,83,12,1192023 142658_5_ai.docx,AI,.docx,778,11/9/2023 14:26,I consent,"Yes, I consent",Yes,Automatic zero on assignment,Conversation with professor followed by further scrutiny,Man,"White or Caucasian, Asian",Undergraduate student,Senior (at least 90 credits),3.6 - 4.0,
af7438e9b5319488fe818214bdc71c15.docx,12/13/2023,MIXED,47,72,1,1192023 142658_10_ai.docx,AI,.docx,1299,11/9/2023 14:26,I consent,"Yes, I consent",Yes,Automatic zero on assignment,Conversation with professor followed by further scrutiny,Man,"White or Caucasian, Asian",Undergraduate student,Senior (at least 90 credits),3.6 - 4.0,
a173c400c363230300724118d99df0c6.docx,12/13/2023,MIXED,38,78,7,1192023 142658_1_ai.docx,AI,.docx,355,11/9/2023 14:26,I consent,"Yes, I consent",Yes,Automatic zero on assignment,Conversation with professor followed by further scrutiny,Man,"White or Caucasian, Asian",Undergraduate student,Senior (at least 90 credits),3.6 - 4.0,
a20d0e03f81a9913a2d10e21fd8a3ba2.pdf,12/13/2023,HUMAN_ONLY,0,79,8,1192023 142658_24_human.pdf,Human,.pdf,2029,11/9/2023 14:26,I consent,"Yes, I consent",Yes,Automatic zero on assignment,Conversation with professor followed by further scrutiny,Man,"White or Caucasian, Asian",Undergraduate student,Senior (at least 90 credits),3.6 - 4.0,
a5c6a05d41f766f7dea643fd5ced36f5.docx,12/13/2023,HUMAN_ONLY,1,100,29,11_9_2023 14_26_58_21_human.docx,Human,.docx,675,11/9/2023 14:26,I consent,"Yes, I consent",Yes,Automatic zero on assignment,Conversation with professor followed by further scrutiny,Man,"White or Caucasian, Asian",Undergraduate student,Senior (at least 90 credits),3.6 - 4.0,
8940800115228f06c03aa3840ed31080.docx,12/13/2023,MIXED,16,114,43,11_9_2023 14_26_58_8_human.docx,Human,.docx,996,11/9/2023 14:26,I consent,"Yes, I consent",Yes,Automatic zero on assignment,Conversation with professor followed by further scrutiny,Man,"White or Caucasian, Asian",Undergraduate student,Senior (at least 90 credits),3.6 - 4.0,
267121520854de2146309ea5bb014ae2.docx,12/13/2023,HUMAN_ONLY,0,97,26,11_9_2023 14_26_58_19_human.docx,Human,.docx,418,11/9/2023 14:26,I consent,"Yes, I consent",Yes,Automatic zero on assignment,Conversation with professor followed by further scrutiny,Man,"White or Caucasian, Asian",Undergraduate student,Senior (at least 90 credits),3.6 - 4.0,
12506554bb88c1d37a3e0e253a3da9a3.docx,12/13/2023,MIXED,49,85,14,1192023 142658_7_ai.docx,AI,.docx,169,11/9/2023 14:26,I consent,"Yes, I consent",Yes,Automatic zero on assignment,Conversation with professor followed by further scrutiny,Man,"White or Caucasian, Asian",Undergraduate student,Senior (at least 90 credits),3.6 - 4.0,
627007f8ed0abcc33019a4729f7c0e38.docx,12/13/2023,HUMAN_ONLY,0,103,32,11_9_2023 14_26_58_25_human.docx,Human,.docx,289,11/9/2023 14:26,I consent,"Yes, I consent",Yes,Automatic zero on assignment,Conversation with professor followed by further scrutiny,Man,"White or Caucasian, Asian",Undergraduate student,Senior (at least 90 credits),3.6 - 4.0,
364357c016c3f858ca413ff0e5a7e55d.docx,12/13/2023,HUMAN_ONLY,0,91,20,11_9_2023 14_26_58_13_human.docx,Human,.docx,2142,11/9/2023 14:26,I consent,"Yes, I consent",Yes,Automatic zero on assignment,Conversation with professor followed by further scrutiny,Man,"White or Caucasian, Asian",Undergraduate student,Senior (at least 90 credits),3.6 - 4.0,
242902fead0e4256a0f6d97cb5e45ad4.docx,12/13/2023,AI_ONLY,90,80,9,1192023 142658_2_ai.docx,AI,.docx,789,11/9/2023 14:26,I consent,"Yes, I consent",Yes,Automatic zero on assignment,Conversation with professor followed by further scrutiny,Man,"White or Caucasian, Asian",Undergraduate student,Senior (at least 90 credits),3.6 - 4.0,
9725ae654cc65f943694ba2ca62167ba.docx,12/13/2023,HUMAN_ONLY,0,95,24,11_9_2023 14_26_58_17_human.docx,Human,.docx,203,11/9/2023 14:26,I consent,"Yes, I consent",Yes,Automatic zero on assignment,Conversation with professor followed by further scrutiny,Man,"White or Caucasian, Asian",Undergraduate student,Senior (at least 90 credits),3.6 - 4.0,
78b697ce112db4c38a26100633ac43a7.docx,12/13/2023,HUMAN_ONLY,0,102,31,11_9_2023 14_26_58_23_human.docx,Human,.docx,673,11/9/2023 14:26,I consent,"Yes, I consent",Yes,Automatic zero on assignment,Conversation with professor followed by further scrutiny,Man,"White or Caucasian, Asian",Undergraduate student,Senior (at least 90 credits),3.6 - 4.0,
70d11b4335486675962e707609b6b140.docx,12/13/2023,HUMAN_ONLY,0,88,17,11_9_2023 14_26_58_10_human.docx,Human,.docx,802,11/9/2023 14:26,I consent,"Yes, I consent",Yes,Automatic zero on assignment,Conversation with professor followed by further scrutiny,Man,"White or Caucasian, Asian",Undergraduate student,Senior (at least 90 credits),3.6 - 4.0,
42e3f0c7a9659185d46fa93d0fe34495.docx,12/13/2023,MIXED,48,87,16,1192023 142658_9_ai.docx,AI,.docx,538,11/9/2023 14:26,I consent,"Yes, I consent",Yes,Automatic zero on assignment,Conversation with professor followed by further scrutiny,Man,"White or Caucasian, Asian",Undergraduate student,Senior (at least 90 credits),3.6 - 4.0,
32d5b008f4ac0a5c97a9559a938ca7d5.docx,12/13/2023,MIXED,33,110,39,11_9_2023 14_26_58_4_human.docx,Human,.docx,1148,11/9/2023 14:26,I consent,"Yes, I consent",Yes,Automatic zero on assignment,Conversation with professor followed by further scrutiny,Man,"White or Caucasian, Asian",Undergraduate student,Senior (at least 90 credits),3.6 - 4.0,
9cd3537681ea2f5b8257824a1d71ead4.docx,12/13/2023,MIXED,35,113,42,11_9_2023 14_26_58_7_human.docx,Human,.docx,148,11/9/2023 14:26,I consent,"Yes, I consent",Yes,Automatic zero on assignment,Conversation with professor followed by further scrutiny,Man,"White or Caucasian, Asian",Undergraduate student,Senior (at least 90 credits),3.6 - 4.0,
8d60a82891166c5246f723a7f1b12108.docx,12/13/2023,HUMAN_ONLY,3,89,18,11_9_2023 14_26_58_11_human.docx,Human,.docx,962,11/9/2023 14:26,I consent,"Yes, I consent",Yes,Automatic zero on assignment,Conversation with professor followed by further scrutiny,Man,"White or Caucasian, Asian",Undergraduate student,Senior (at least 90 credits),3.6 - 4.0,
8b677f3427254190858b85d0d120bc72.docx,12/13/2023,MIXED,16,90,19,11_9_2023 14_26_58_12_human.docx,Human,.docx,2241,11/9/2023 14:26,I consent,"Yes, I consent",Yes,Automatic zero on assignment,Conversation with professor followed by further scrutiny,Man,"White or Caucasian, Asian",Undergraduate student,Senior (at least 90 credits),3.6 - 4.0,
7f7a52159879399e13032917c878f78f.docx,12/13/2023,AI_ONLY,89,84,13,1192023 142658_6_ai.docx,AI,.docx,608,11/9/2023 14:26,I consent,"Yes, I consent",Yes,Automatic zero on assignment,Conversation with professor followed by further scrutiny,Man,"White or Caucasian, Asian",Undergraduate student,Senior (at least 90 credits),3.6 - 4.0,
7ec054cfea8ed35c3e9d4b69c9012d4f.docx,12/13/2023,HUMAN_ONLY,0,73,2,1192023 142658_11_ai.docx,AI,.docx,259,11/9/2023 14:26,I consent,"Yes, I consent",Yes,Automatic zero on assignment,Conversation with professor followed by further scrutiny,Man,"White or Caucasian, Asian",Undergraduate student,Senior (at least 90 credits),3.6 - 4.0,
6a233d2ffe180cec1975879773c4eafa.docx,12/13/2023,HUMAN_ONLY,0,92,21,11_9_2023 14_26_58_14_human.docx,Human,.docx,257,11/9/2023 14:26,I consent,"Yes, I consent",Yes,Automatic zero on assignment,Conversation with professor followed by further scrutiny,Man,"White or Caucasian, Asian",Undergraduate student,Senior (at least 90 credits),3.6 - 4.0,
3f1bc0ebb63e6a501f71bf06a97ad282.docx,12/13/2023,MIXED,14,105,34,11_9_2023 14_26_58_27_human.docx,Human,.docx,844,11/9/2023 14:26,I consent,"Yes, I consent",Yes,Automatic zero on assignment,Conversation with professor followed by further scrutiny,Man,"White or Caucasian, Asian",Undergraduate student,Senior (at least 90 credits),3.6 - 4.0,
3d29bbf3d23f872e2b265a94a47d1f93.docx,12/13/2023,MIXED,40,76,5,1192023 142658_14_ai.docx,AI,.docx,183,11/9/2023 14:26,I consent,"Yes, I consent",Yes,Automatic zero on assignment,Conversation with professor followed by further scrutiny,Man,"White or Caucasian, Asian",Undergraduate student,Senior (at least 90 credits),3.6 - 4.0,
3c4e9fd65eb281b630d3064a0abf3966.docx,12/13/2023,HUMAN_ONLY,1,112,41,11_9_2023 14_26_58_6_human.docx,Human,.docx,333,11/9/2023 14:26,I consent,"Yes, I consent",Yes,Automatic zero on assignment,Conversation with professor followed by further scrutiny,Man,"White or Caucasian, Asian",Undergraduate student,Senior (at least 90 credits),3.6 - 4.0,
2d98939e8378fcc29d3c42d3a1c59988.docx,12/13/2023,HUMAN_ONLY,1,109,38,11_9_2023 14_26_58_3_human.docx,Human,.docx,862,11/9/2023 14:26,I consent,"Yes, I consent",Yes,Automatic zero on assignment,Conversation with professor followed by further scrutiny,Man,"White or Caucasian, Asian",Undergraduate student,Senior (at least 90 credits),3.6 - 4.0,
2a530c0d04e8b62ffcb5c70478022124.docx,12/13/2023,HUMAN_ONLY,0,104,33,11_9_2023 14_26_58_26_human.docx,Human,.docx,724,11/9/2023 14:26,I consent,"Yes, I consent",Yes,Automatic zero on assignment,Conversation with professor followed by further scrutiny,Man,"White or Caucasian, Asian",Undergraduate student,Senior (at least 90 credits),3.6 - 4.0,
1dcb2290e350c55e7d29d122dcc4a74b.docx,12/13/2023,HUMAN_ONLY,0,94,23,11_9_2023 14_26_58_16_human.docx,Human,.docx,460,11/9/2023 14:26,I consent,"Yes, I consent",Yes,Automatic zero on assignment,Conversation with professor followed by further scrutiny,Man,"White or Caucasian, Asian",Undergraduate student,Senior (at least 90 credits),3.6 - 4.0,
0d698acad1c84476339ae119b860e8c4.docx,12/13/2023,HUMAN_ONLY,2,77,6,1192023 142658_15_ai.docx,AI,.docx,246,11/9/2023 14:26,I consent,"Yes, I consent",Yes,Automatic zero on assignment,Conversation with professor followed by further scrutiny,Man,"White or Caucasian, Asian",Undergraduate student,Senior (at least 90 credits),3.6 - 4.0,
f5029784cb021aa1797b3602ada23af9.docx,12/13/2023,MIXED,28,149,9,11_9_2023 16_09_51_8_human.docx,Human,.docx,2103,11/9/2023 16:09,I consent,"Yes, I consent",Yes,Conversation with professor followed by further scrutiny,Conversation with professor followed by further scrutiny,Man,Asian,Undergraduate student,Senior (at least 90 credits),3.6 - 4.0,
f83ca67a746f2428f97fe2d69c70ec0f.docx,12/13/2023,HUMAN_ONLY,8,146,6,11_9_2023 16_09_51_5_human.docx,Human,.docx,856,11/9/2023 16:09,I consent,"Yes, I consent",Yes,Conversation with professor followed by further scrutiny,Conversation with professor followed by further scrutiny,Man,Asian,Undergraduate student,Senior (at least 90 credits),3.6 - 4.0,
f2d64e260a8a9fa2d3a598e48f101c0d.pdf,12/13/2023,MIXED,22,143,3,11_9_2023 16_09_51_2_human.pdf,Human,.pdf,1793,11/9/2023 16:09,I consent,"Yes, I consent",Yes,Conversation with professor followed by further scrutiny,Conversation with professor followed by further scrutiny,Man,Asian,Undergraduate student,Senior (at least 90 credits),3.6 - 4.0,
e40da609a00d274730bb6840c19e13c6.docx,12/13/2023,MIXED,34,148,8,11_9_2023 16_09_51_7_human.docx,Human,.docx,3868,11/9/2023 16:09,I consent,"Yes, I consent",Yes,Conversation with professor followed by further scrutiny,Conversation with professor followed by further scrutiny,Man,Asian,Undergraduate student,Senior (at least 90 credits),3.6 - 4.0,
a52afaac5d531ce78299d4983d8d7e8c.docx,12/13/2023,MIXED,33,144,4,11_9_2023 16_09_51_3_human.docx,Human,.docx,1464,11/9/2023 16:09,I consent,"Yes, I consent",Yes,Conversation with professor followed by further scrutiny,Conversation with professor followed by further scrutiny,Man,Asian,Undergraduate student,Senior (at least 90 credits),3.6 - 4.0,
9073e6f6e4af3a2f57511b86273138ab.docx,12/13/2023,MIXED,26,147,7,11_9_2023 16_09_51_6_human.docx,Human,.docx,2985,11/9/2023 16:09,I consent,"Yes, I consent",Yes,Conversation with professor followed by further scrutiny,Conversation with professor followed by further scrutiny,Man,Asian,Undergraduate student,Senior (at least 90 credits),3.6 - 4.0,
9d3f4cf6f0f9f06ed47f645ba023b31a.docx,12/13/2023,MIXED,22,141,1,11_9_2023 16_09_51_10_human.docx,Human,.docx,2168,11/9/2023 16:09,I consent,"Yes, I consent",Yes,Conversation with professor followed by further scrutiny,Conversation with professor followed by further scrutiny,Man,Asian,Undergraduate student,Senior (at least 90 credits),3.6 - 4.0,
9b3e17e29d8b3e50006cab14deba9e6f.docx,12/13/2023,MIXED,12,142,2,11_9_2023 16_09_51_1_human.docx,Human,.docx,1677,11/9/2023 16:09,I consent,"Yes, I consent",Yes,Conversation with professor followed by further scrutiny,Conversation with professor followed by further scrutiny,Man,Asian,Undergraduate student,Senior (at least 90 credits),3.6 - 4.0,
3df0265ed466a6f6ef0e31035b148489.docx,12/13/2023,MIXED,27,145,5,11_9_2023 16_09_51_4_human.docx,Human,.docx,3654,11/9/2023 16:09,I consent,"Yes, I consent",Yes,Conversation with professor followed by further scrutiny,Conversation with professor followed by further scrutiny,Man,Asian,Undergraduate student,Senior (at least 90 credits),3.6 - 4.0,
023c212e244472d8cec59d07c4a4ea5b.docx,12/13/2023,MIXED,37,150,10,11_9_2023 16_09_51_9_human.docx,Human,.docx,1738,11/9/2023 16:09,I consent,"Yes, I consent",Yes,Conversation with professor followed by further scrutiny,Conversation with professor followed by further scrutiny,Man,Asian,Undergraduate student,Senior (at least 90 credits),3.6 - 4.0,
f7473e12f6e34c9f376ee1bc4ca848e2.docx,12/13/2023,HUMAN_ONLY,5,133,9,11_9_2023 15_14_51_8_human.docx,Human,.docx,3656,11/9/2023 15:14,I consent,"Yes, I consent",No,Conversation with professor followed by further scrutiny,Conversation with professor followed by further scrutiny,Woman,Asian,Undergraduate student,Senior (at least 90 credits),3.6 - 4.0,
80466f5dc62d44663866de914fb0eb28.docx,12/13/2023,HUMAN_ONLY,0,128,4,11_9_2023 15_14_51_3_human.docx,Human,.docx,331,11/9/2023 15:14,I consent,"Yes, I consent",No,Conversation with professor followed by further scrutiny,Conversation with professor followed by further scrutiny,Woman,Asian,Undergraduate student,Senior (at least 90 credits),3.6 - 4.0,
83cb5b84974f4998a6717535ec3927f1.docx,12/13/2023,HUMAN_ONLY,2,126,2,11_9_2023 15_14_51_1_human.docx,Human,.docx,1909,11/9/2023 15:14,I consent,"Yes, I consent",No,Conversation with professor followed by further scrutiny,Conversation with professor followed by further scrutiny,Woman,Asian,Undergraduate student,Senior (at least 90 credits),3.6 - 4.0,
68e2ef1da8a0362a9e0a0b8d5890d0a8.docx,12/13/2023,HUMAN_ONLY,7,130,6,11_9_2023 15_14_51_5_human.docx,Human,.docx,1180,11/9/2023 15:14,I consent,"Yes, I consent",No,Conversation with professor followed by further scrutiny,Conversation with professor followed by further scrutiny,Woman,Asian,Undergraduate student,Senior (at least 90 credits),3.6 - 4.0,
31dd6b1007b91cae0a66700e7667485a.docx,12/13/2023,MIXED,86,125,1,11_9_2023 15_14_51_1_ai.docx,AI,.docx,733,11/9/2023 15:14,I consent,"Yes, I consent",No,Conversation with professor followed by further scrutiny,Conversation with professor followed by further scrutiny,Woman,Asian,Undergraduate student,Senior (at least 90 credits),3.6 - 4.0,
11f7942b66a834b0fd0afa9b39abf16a.docx,12/13/2023,MIXED,23,134,10,11_9_2023 15_14_51_9_human.docx,Human,.docx,485,11/9/2023 15:14,I consent,"Yes, I consent",No,Conversation with professor followed by further scrutiny,Conversation with professor followed by further scrutiny,Woman,Asian,Undergraduate student,Senior (at least 90 credits),3.6 - 4.0,
08a974d6ace5de3fad11bf274150c921.docx,12/13/2023,HUMAN_ONLY,8,127,3,11_9_2023 15_14_51_2_human.docx,Human,.docx,3852,11/9/2023 15:14,I consent,"Yes, I consent",No,Conversation with professor followed by further scrutiny,Conversation with professor followed by further scrutiny,Woman,Asian,Undergraduate student,Senior (at least 90 credits),3.6 - 4.0,
6c20ae17bcd4ed8cdf0df19dcf2512a8.docx,12/13/2023,MIXED,21,132,8,11_9_2023 15_14_51_7_human.docx,Human,.docx,1541,11/9/2023 15:14,I consent,"Yes, I consent",No,Conversation with professor followed by further scrutiny,Conversation with professor followed by further scrutiny,Woman,Asian,Undergraduate student,Senior (at least 90 credits),3.6 - 4.0,
3e2474e3054de35edc414f5d52078830.docx,12/13/2023,MIXED,25,131,7,11_9_2023 15_14_51_6_human.docx,Human,.docx,481,11/9/2023 15:14,I consent,"Yes, I consent",No,Conversation with professor followed by further scrutiny,Conversation with professor followed by further scrutiny,Woman,Asian,Undergraduate student,Senior (at least 90 credits),3.6 - 4.0,
1bbb345edbebf4ea48de7d64dc991f30.docx,12/13/2023,MIXED,24,129,5,11_9_2023 15_14_51_4_human.docx,Human,.docx,1641,11/9/2023 15:14,I consent,"Yes, I consent",No,Conversation with professor followed by further scrutiny,Conversation with professor followed by further scrutiny,Woman,Asian,Undergraduate student,Senior (at least 90 credits),3.6 - 4.0,
f46a609fa010094742866017759d434c.pdf,12/13/2023,HUMAN_ONLY,0,56,1,11_14_2023 14_09_26_1_human.pdf,Human,.pdf,2124,11/14/2023 14:09,I consent,"Yes, I consent",Yes,Conversation with professor followed by further scrutiny,Conversation with professor followed by further scrutiny,Man,White or Caucasian,Undergraduate student,Senior (at least 90 credits),3.6 - 4.0,
7692f08a0088c2dd3ee9fa7e00525173.pdf,12/13/2023,MIXED,10,57,2,11_14_2023 14_09_26_2_human.pdf,Human,.pdf,1267,11/14/2023 14:09,I consent,"Yes, I consent",Yes,Conversation with professor followed by further scrutiny,Conversation with professor followed by further scrutiny,Man,White or Caucasian,Undergraduate student,Senior (at least 90 credits),3.6 - 4.0,
f9ea3b994c663805b8a92d6332cff5b3.docx,12/13/2023,MIXED,43,32,23,11-13-2023_17-40-36_33_human.docx,Human,.docx,470,11/13/2023 17:40,I consent,"Yes, I consent",No,Conversation with professor followed by further scrutiny,Automatic zero on assignment,Woman,Asian,Graduate student,,,3.1 - 3.5
e05624e5af7df754aabfb34087edf346.docx,12/13/2023,HUMAN_ONLY,9,52,43,11_13_2023 17_40_36_6_human.docx,Human,.docx,1017,11/13/2023 17:40,I consent,"Yes, I consent",No,Conversation with professor followed by further scrutiny,Automatic zero on assignment,Woman,Asian,Graduate student,,,3.1 - 3.5
e949f578a8a57427e047368a41da0104.docx,12/13/2023,MIXED,38,40,31,11-13-2023_17-40-36_41_human.docx,Human,.docx,560,11/13/2023 17:40,I consent,"Yes, I consent",No,Conversation with professor followed by further scrutiny,Automatic zero on assignment,Woman,Asian,Graduate student,,,3.1 - 3.5
d35983296c74f74dc238b5a7234dc892.docx,12/13/2023,MIXED,16,11,2,11-13-2023_17-40-36_12_human.docx,Human,.docx,983,11/13/2023 17:40,I consent,"Yes, I consent",No,Conversation with professor followed by further scrutiny,Automatic zero on assignment,Woman,Asian,Graduate student,,,3.1 - 3.5
d3639ffe6d731ae3115ae07596448868.docx,12/13/2023,HUMAN_ONLY,2,49,40,11_13_2023 17_40_36_3_human.docx,Human,.docx,212,11/13/2023 17:40,I consent,"Yes, I consent",No,Conversation with professor followed by further scrutiny,Automatic zero on assignment,Woman,Asian,Graduate student,,,3.1 - 3.5
d61cc7051f4588939b4a68d0c116103d.docx,12/13/2023,MIXED,24,46,37,11_13_2023 17_40_36_10_human.docx,Human,.docx,1862,11/13/2023 17:40,I consent,"Yes, I consent",No,Conversation with professor followed by further scrutiny,Automatic zero on assignment,Woman,Asian,Graduate student,,,3.1 - 3.5
d8c84351120370143b0e2f0f89bf7674.docx,12/13/2023,HUMAN_ONLY,0,20,11,11-13-2023_17-40-36_21_human.docx,Human,.docx,1536,11/13/2023 17:40,I consent,"Yes, I consent",No,Conversation with professor followed by further scrutiny,Automatic zero on assignment,Woman,Asian,Graduate student,,,3.1 - 3.5
cb7f3eddc61606d2f2bac9e5784367f2.pdf,12/13/2023,HUMAN_ONLY,1,26,17,11-13-2023_17-40-36_27_human.pdf,Human,.pdf,762,11/13/2023 17:40,I consent,"Yes, I consent",No,Conversation with professor followed by further scrutiny,Automatic zero on assignment,Woman,Asian,Graduate student,,,3.1 - 3.5
cab753269e930f029f05a84a82cc2622.docx,12/13/2023,HUMAN_ONLY,8,38,29,11-13-2023_17-40-36_39_human.docx,Human,.docx,1065,11/13/2023 17:40,I consent,"Yes, I consent",No,Conversation with professor followed by further scrutiny,Automatic zero on assignment,Woman,Asian,Graduate student,,,3.1 - 3.5
a4264534479bb398ef31ae638f34e067.pdf,12/13/2023,MIXED,46,39,30,11-13-2023_17-40-36_40_human.pdf,Human,.pdf,800,11/13/2023 17:40,I consent,"Yes, I consent",No,Conversation with professor followed by further scrutiny,Automatic zero on assignment,Woman,Asian,Graduate student,,,3.1 - 3.5
a0518c3f480e6ad9f287af3e322e5ce6.docx,12/13/2023,HUMAN_ONLY,0,30,21,11-13-2023_17-40-36_31_human.docx,Human,.docx,707,11/13/2023 17:40,I consent,"Yes, I consent",No,Conversation with professor followed by further scrutiny,Automatic zero on assignment,Woman,Asian,Graduate student,,,3.1 - 3.5
95366457c0818cfbe10f69e34772fb67.pdf,12/13/2023,HUMAN_ONLY,8,29,20,11-13-2023_17-40-36_30_human.pdf,Human,.pdf,2207,11/13/2023 17:40,I consent,"Yes, I consent",No,Conversation with professor followed by further scrutiny,Automatic zero on assignment,Woman,Asian,Graduate student,,,3.1 - 3.5
527912bdc3bc2236e925962fbf25481e.pdf,12/13/2023,HUMAN_ONLY,10,27,18,11-13-2023_17-40-36_28_human.pdf,Human,.pdf,657,11/13/2023 17:40,I consent,"Yes, I consent",No,Conversation with professor followed by further scrutiny,Automatic zero on assignment,Woman,Asian,Graduate student,,,3.1 - 3.5
210162e686b70975c9037cc0050f853c.docx,12/13/2023,MIXED,10,37,28,11-13-2023_17-40-36_38_human.docx,Human,.docx,930,11/13/2023 17:40,I consent,"Yes, I consent",No,Conversation with professor followed by further scrutiny,Automatic zero on assignment,Woman,Asian,Graduate student,,,3.1 - 3.5
183987b2af2eb1f2a03c79c485f8bb80.pdf,12/13/2023,MIXED,12,17,8,11-13-2023_17-40-36_18_human.pdf,Human,.pdf,1419,11/13/2023 17:40,I consent,"Yes, I consent",No,Conversation with professor followed by further scrutiny,Automatic zero on assignment,Woman,Asian,Graduate student,,,3.1 - 3.5
16668c74b5fd2bb0edcf4bb887de3c5b.docx,12/13/2023,HUMAN_ONLY,1,42,33,11-13-2023_17-40-36_43_human.docx,Human,.docx,1280,11/13/2023 17:40,I consent,"Yes, I consent",No,Conversation with professor followed by further scrutiny,Automatic zero on assignment,Woman,Asian,Graduate student,,,3.1 - 3.5
6528b7017f2c4d331ad838e901ea76bf.docx,12/13/2023,MIXED,15,50,41,11_13_2023 17_40_36_4_human.docx,Human,.docx,317,11/13/2023 17:40,I consent,"Yes, I consent",No,Conversation with professor followed by further scrutiny,Automatic zero on assignment,Woman,Asian,Graduate student,,,3.1 - 3.5
5346a7c6fbf42934f333e875cf82d6d4.docx,12/13/2023,MIXED,37,18,9,11-13-2023_17-40-36_19_human.docx,Human,.docx,1674,11/13/2023 17:40,I consent,"Yes, I consent",No,Conversation with professor followed by further scrutiny,Automatic zero on assignment,Woman,Asian,Graduate student,,,3.1 - 3.5
3514bccc4830da28b5819b6010b68c33.docx,12/13/2023,HUMAN_ONLY,5,10,1,11-13-2023_17-40-36_11_human.docx,Human,.docx,847,11/13/2023 17:40,I consent,"Yes, I consent",No,Conversation with professor followed by further scrutiny,Automatic zero on assignment,Woman,Asian,Graduate student,,,3.1 - 3.5
3510ef35f663f386f35cf35be0c72ccc.docx,12/13/2023,MIXED,42,45,36,11-13-2023_17-40-36_46_human.docx,Human,.docx,1393,11/13/2023 17:40,I consent,"Yes, I consent",No,Conversation with professor followed by further scrutiny,Automatic zero on assignment,Woman,Asian,Graduate student,,,3.1 - 3.5
3204b9a10686bd0b5ac851a2836f69d3.pdf,12/13/2023,HUMAN_ONLY,1,14,5,11-13-2023_17-40-36_15_human.pdf,Human,.pdf,1705,11/13/2023 17:40,I consent,"Yes, I consent",No,Conversation with professor followed by further scrutiny,Automatic zero on assignment,Woman,Asian,Graduate student,,,3.1 - 3.5
2179d79b24c2dc7556b8e78f5308801f.docx,12/13/2023,HUMAN_ONLY,0,19,10,11-13-2023_17-40-36_20_human.docx,Human,.docx,2025,11/13/2023 17:40,I consent,"Yes, I consent",No,Conversation with professor followed by further scrutiny,Automatic zero on assignment,Woman,Asian,Graduate student,,,3.1 - 3.5
1226c919f842f9f3b33592d287f15ab2.pdf,12/13/2023,HUMAN_ONLY,3,34,25,11-13-2023_17-40-36_35_human.pdf,Human,.pdf,1679,11/13/2023 17:40,I consent,"Yes, I consent",No,Conversation with professor followed by further scrutiny,Automatic zero on assignment,Woman,Asian,Graduate student,,,3.1 - 3.5
829e405dd2940b6c2226ab91c70e4f06.pdf,12/13/2023,HUMAN_ONLY,7,16,7,11-13-2023_17-40-36_17_human.pdf,Human,.pdf,712,11/13/2023 17:40,I consent,"Yes, I consent",No,Conversation with professor followed by further scrutiny,Automatic zero on assignment,Woman,Asian,Graduate student,,,3.1 - 3.5
707d129c6f7d5f34a59ce12e0ed41ff0.pdf,12/13/2023,MIXED,30,36,27,11-13-2023_17-40-36_37_human.pdf,Human,.pdf,1337,11/13/2023 17:40,I consent,"Yes, I consent",No,Conversation with professor followed by further scrutiny,Automatic zero on assignment,Woman,Asian,Graduate student,,,3.1 - 3.5
290aa20034ef4db986555be0c7f64a62.docx,12/13/2023,MIXED,11,54,45,11_13_2023 17_40_36_8_human.docx,Human,.docx,1396,11/13/2023 17:40,I consent,"Yes, I consent",No,Conversation with professor followed by further scrutiny,Automatic zero on assignment,Woman,Asian,Graduate student,,,3.1 - 3.5
70a53c167d47a2d232f3f0bbe06bd47a.docx,12/13/2023,HUMAN_ONLY,4,41,32,11-13-2023_17-40-36_42_human.docx,Human,.docx,515,11/13/2023 17:40,I consent,"Yes, I consent",No,Conversation with professor followed by further scrutiny,Automatic zero on assignment,Woman,Asian,Graduate student,,,3.1 - 3.5
55a97108e019576f5cb9895babe572b2.docx,12/13/2023,MIXED,14,21,12,11-13-2023_17-40-36_22_human.docx,Human,.docx,1729,11/13/2023 17:40,I consent,"Yes, I consent",No,Conversation with professor followed by further scrutiny,Automatic zero on assignment,Woman,Asian,Graduate student,,,3.1 - 3.5
49e82019fa0593c776a37a91a8b82a32.docx,12/13/2023,HUMAN_ONLY,4,55,46,11_13_2023 17_40_36_9_human.docx,Human,.docx,448,11/13/2023 17:40,I consent,"Yes, I consent",No,Conversation with professor followed by further scrutiny,Automatic zero on assignment,Woman,Asian,Graduate student,,,3.1 - 3.5
44f28b62b4841797e0f601b218cdbb40.docx,12/13/2023,MIXED,10,23,14,11-13-2023_17-40-36_24_human.docx,Human,.docx,1528,11/13/2023 17:40,I consent,"Yes, I consent",No,Conversation with professor followed by further scrutiny,Automatic zero on assignment,Woman,Asian,Graduate student,,,3.1 - 3.5
35c0f91bc70cb9dbba282bd97c60a229.pdf,12/13/2023,HUMAN_ONLY,10,24,15,11-13-2023_17-40-36_25_human.pdf,Human,.pdf,1317,11/13/2023 17:40,I consent,"Yes, I consent",No,Conversation with professor followed by further scrutiny,Automatic zero on assignment,Woman,Asian,Graduate student,,,3.1 - 3.5
28b0999a0230b1577af38d7f1702b6e7.docx,12/13/2023,HUMAN_ONLY,5,35,26,11-13-2023_17-40-36_36_human.docx,Human,.docx,1404,11/13/2023 17:40,I consent,"Yes, I consent",No,Conversation with professor followed by further scrutiny,Automatic zero on assignment,Woman,Asian,Graduate student,,,3.1 - 3.5
10fc827a6937888e49242ef8d3e35a1e.docx,12/13/2023,MIXED,51,48,39,11_13_2023 17_40_36_2_human.docx,Human,.docx,178,11/13/2023 17:40,I consent,"Yes, I consent",No,Conversation with professor followed by further scrutiny,Automatic zero on assignment,Woman,Asian,Graduate student,,,3.1 - 3.5
9f1722d0ec4ec5a3b37ddcc70c9c1b6e.docx,12/13/2023,MIXED,46,51,42,11_13_2023 17_40_36_5_human.docx,Human,.docx,208,11/13/2023 17:40,I consent,"Yes, I consent",No,Conversation with professor followed by further scrutiny,Automatic zero on assignment,Woman,Asian,Graduate student,,,3.1 - 3.5
9c34f38f02d26ca80c85f21a32c99d0d.pdf,12/13/2023,MIXED,48,33,24,11-13-2023_17-40-36_34_human.pdf,Human,.pdf,935,11/13/2023 17:40,I consent,"Yes, I consent",No,Conversation with professor followed by further scrutiny,Automatic zero on assignment,Woman,Asian,Graduate student,,,3.1 - 3.5
9b0c579b9c1095b009a514b78887ccf2.docx,12/13/2023,HUMAN_ONLY,4,22,13,11-13-2023_17-40-36_23_human.docx,Human,.docx,1015,11/13/2023 17:40,I consent,"Yes, I consent",No,Conversation with professor followed by further scrutiny,Automatic zero on assignment,Woman,Asian,Graduate student,,,3.1 - 3.5
8e0c22faecfdc346ac7011a4602cac2b.docx,12/13/2023,MIXED,17,43,34,11-13-2023_17-40-36_44_human.docx,Human,.docx,951,11/13/2023 17:40,I consent,"Yes, I consent",No,Conversation with professor followed by further scrutiny,Automatic zero on assignment,Woman,Asian,Graduate student,,,3.1 - 3.5
7bea9c9851d66210ee62f280a00bf5ed.docx,12/13/2023,MIXED,44,31,22,11-13-2023_17-40-36_32_human.docx,Human,.docx,524,11/13/2023 17:40,I consent,"Yes, I consent",No,Conversation with professor followed by further scrutiny,Automatic zero on assignment,Woman,Asian,Graduate student,,,3.1 - 3.5
7a642613c8b0c0718d391feae281c0ae.pdf,12/13/2023,HUMAN_ONLY,8,25,16,11-13-2023_17-40-36_26_human.pdf,Human,.pdf,1821,11/13/2023 17:40,I consent,"Yes, I consent",No,Conversation with professor followed by further scrutiny,Automatic zero on assignment,Woman,Asian,Graduate student,,,3.1 - 3.5
07c0cfb9ba1817616016996abbdf15d7.docx,12/13/2023,HUMAN_ONLY,3,53,44,11_13_2023 17_40_36_7_human.docx,Human,.docx,1921,11/13/2023 17:40,I consent,"Yes, I consent",No,Conversation with professor followed by further scrutiny,Automatic zero on assignment,Woman,Asian,Graduate student,,,3.1 - 3.5
6fbdfc81f866ac7076f31660ba7e8f32.pdf,12/13/2023,MIXED,36,15,6,11-13-2023_17-40-36_16_human.pdf,Human,.pdf,5360,11/13/2023 17:40,I consent,"Yes, I consent",No,Conversation with professor followed by further scrutiny,Automatic zero on assignment,Woman,Asian,Graduate student,,,3.1 - 3.5
05e0329d522c08a4992f309a7dbc4678.docx,12/13/2023,MIXED,27,44,35,11-13-2023_17-40-36_45_human.docx,Human,.docx,917,11/13/2023 17:40,I consent,"Yes, I consent",No,Conversation with professor followed by further scrutiny,Automatic zero on assignment,Woman,Asian,Graduate student,,,3.1 - 3.5
3f2a44850867300be496d5ec1a6b637f.docx,12/13/2023,MIXED,18,47,38,11_13_2023 17_40_36_1_human.docx,Human,.docx,266,11/13/2023 17:40,I consent,"Yes, I consent",No,Conversation with professor followed by further scrutiny,Automatic zero on assignment,Woman,Asian,Graduate student,,,3.1 - 3.5
3dc7476cd7452832c370bcff2fc46a46.pdf,12/13/2023,MIXED,28,12,3,11-13-2023_17-40-36_13_human.pdf,Human,.pdf,1820,11/13/2023 17:40,I consent,"Yes, I consent",No,Conversation with professor followed by further scrutiny,Automatic zero on assignment,Woman,Asian,Graduate student,,,3.1 - 3.5
2e3eec03da967b29004414b2c745cf07.pdf,12/13/2023,HUMAN_ONLY,7,13,4,11-13-2023_17-40-36_14_human.pdf,Human,.pdf,852,11/13/2023 17:40,I consent,"Yes, I consent",No,Conversation with professor followed by further scrutiny,Automatic zero on assignment,Woman,Asian,Graduate student,,,3.1 - 3.5
02e296e0a3a435a1c08b908f367fdc12.pdf,12/13/2023,HUMAN_ONLY,2,28,19,11-13-2023_17-40-36_29_human.pdf,Human,.pdf,2789,11/13/2023 17:40,I consent,"Yes, I consent",No,Conversation with professor followed by further scrutiny,Automatic zero on assignment,Woman,Asian,Graduate student,,,3.1 - 3.5
ecf3091d0d48bf13a9519623e06a192d.docx,12/13/2023,MIXED,29,1,1,11_10_2023 12_58_22_1_ai.docx,AI,.docx,1177,11/10/2023 12:58,I consent,"Yes, I consent",No,Conversation with professor followed by further scrutiny,Automatic zero on assignment,Man,Black or African American,Graduate student,,,3.1 - 3.5
e0c7875a3702fe708c0a98cd2609418c.docx,12/13/2023,MIXED,88,3,3,11_10_2023 12_58_22_2_ai.docx,AI,.docx,1260,11/10/2023 12:58,I consent,"Yes, I consent",No,Conversation with professor followed by further scrutiny,Automatic zero on assignment,Man,Black or African American,Graduate student,,,3.1 - 3.5
bc3a3c2b1878f94f513aa557ca7f37c6.docx,12/13/2023,MIXED,32,5,5,11_10_2023 12_58_22_3_ai.docx,AI,.docx,3516,11/10/2023 12:58,I consent,"Yes, I consent",No,Conversation with professor followed by further scrutiny,Automatic zero on assignment,Man,Black or African American,Graduate student,,,3.1 - 3.5
18364808185a0edd925163c01f7c4e86.docx,12/13/2023,HUMAN_ONLY,0,4,4,11_10_2023 12_58_22_2_human.docx,Human,.docx,449,11/10/2023 12:58,I consent,"Yes, I consent",No,Conversation with professor followed by further scrutiny,Automatic zero on assignment,Man,Black or African American,Graduate student,,,3.1 - 3.5
3075308d1b019a0c3dd2edbcc9e740c8.docx,12/13/2023,HUMAN_ONLY,1,8,8,11_10_2023 12_58_22_5_ai.docx,AI,.docx,378,11/10/2023 12:58,I consent,"Yes, I consent",No,Conversation with professor followed by further scrutiny,Automatic zero on assignment,Man,Black or African American,Graduate student,,,3.1 - 3.5
439ea05d3c84f134eb3dc2144de39673.docx,12/13/2023,HUMAN_ONLY,7,6,6,11_10_2023 12_58_22_3_human.docx,Human,.docx,1879,11/10/2023 12:58,I consent,"Yes, I consent",No,Conversation with professor followed by further scrutiny,Automatic zero on assignment,Man,Black or African American,Graduate student,,,3.1 - 3.5
30e2a332ce62a0b6952feb08166ea647.docx,12/13/2023,MIXED,12,7,7,11_10_2023 12_58_22_4_ai.docx,AI,.docx,1648,11/10/2023 12:58,I consent,"Yes, I consent",No,Conversation with professor followed by further scrutiny,Automatic zero on assignment,Man,Black or African American,Graduate student,,,3.1 - 3.5
8bb0485600e3f072d88ab8aad322711b.docx,12/13/2023,MIXED,12,2,2,11_10_2023 12_58_22_1_human.docx,Human,.docx,4049,11/10/2023 12:58,I consent,"Yes, I consent",No,Conversation with professor followed by further scrutiny,Automatic zero on assignment,Man,Black or African American,Graduate student,,,3.1 - 3.5
6a796ff656e81e0e3eed6882dd6bb49e.docx,12/13/2023,MIXED,47,9,9,11_10_2023 12_58_22_6_ai.docx,AI,.docx,383,11/10/2023 12:58,I consent,"Yes, I consent",No,Conversation with professor followed by further scrutiny,Automatic zero on assignment,Man,Black or African American,Graduate student,,,3.1 - 3.5
ea62d3994faba4b419e7b2c274b2c25a.docx,12/13/2023,HUMAN_ONLY,8,60,3,11_14_2023 15_56_09_2_ai.docx,AI,.docx,1813,11/14/2023 15:56,I consent,"Yes, I consent",Yes,Conversation with professor followed by further scrutiny,Conversation with professor followed by further scrutiny,Man,"White or Caucasian, Other",Undergraduate student,Junior (between 60 and 89 credits),3.6 - 4.0,
d5af057962114b19d6ef923fbcf275b3.docx,12/13/2023,HUMAN_ONLY,0,67,10,11_14_2023 15_56_09_9_human.docx,Human,.docx,1128,11/14/2023 15:56,I consent,"Yes, I consent",Yes,Conversation with professor followed by further scrutiny,Conversation with professor followed by further scrutiny,Man,"White or Caucasian, Other",Undergraduate student,Junior (between 60 and 89 credits),3.6 - 4.0,
d2dddcfd876a0bc9dc1f45883789c93c.docx,12/13/2023,HUMAN_ONLY,2,61,4,11_14_2023 15_56_09_2_human.docx,Human,.docx,1625,11/14/2023 15:56,I consent,"Yes, I consent",Yes,Conversation with professor followed by further scrutiny,Conversation with professor followed by further scrutiny,Man,"White or Caucasian, Other",Undergraduate student,Junior (between 60 and 89 credits),3.6 - 4.0,
b866fc7ab73b5c49c8d91ea86a540073.docx,12/13/2023,HUMAN_ONLY,5,65,8,11_14_2023 15_56_09_7_human.docx,Human,.docx,1203,11/14/2023 15:56,I consent,"Yes, I consent",Yes,Conversation with professor followed by further scrutiny,Conversation with professor followed by further scrutiny,Man,"White or Caucasian, Other",Undergraduate student,Junior (between 60 and 89 credits),3.6 - 4.0,
9507b07e58454e09231fc779dc739474.docx,12/13/2023,HUMAN_ONLY,6,63,6,11_14_2023 15_56_09_5_human.docx,Human,.docx,1267,11/14/2023 15:56,I consent,"Yes, I consent",Yes,Conversation with professor followed by further scrutiny,Conversation with professor followed by further scrutiny,Man,"White or Caucasian, Other",Undergraduate student,Junior (between 60 and 89 credits),3.6 - 4.0,
4300f3c88316bdb350c88ca46f3673c3.docx,12/13/2023,HUMAN_ONLY,1,64,7,11_14_2023 15_56_09_6_human.docx,Human,.docx,1060,11/14/2023 15:56,I consent,"Yes, I consent",Yes,Conversation with professor followed by further scrutiny,Conversation with professor followed by further scrutiny,Man,"White or Caucasian, Other",Undergraduate student,Junior (between 60 and 89 credits),3.6 - 4.0,
787f7d2963600694487eb67257e780bd.docx,12/13/2023,MIXED,11,66,9,11_14_2023 15_56_09_8_human.docx,Human,.docx,1504,11/14/2023 15:56,I consent,"Yes, I consent",Yes,Conversation with professor followed by further scrutiny,Conversation with professor followed by further scrutiny,Man,"White or Caucasian, Other",Undergraduate student,Junior (between 60 and 89 credits),3.6 - 4.0,
5c445b5421708e4d755e9114cf7a5470.docx,12/13/2023,HUMAN_ONLY,0,59,2,11_14_2023 15_56_09_1_human.docx,Human,.docx,1414,11/14/2023 15:56,I consent,"Yes, I consent",Yes,Conversation with professor followed by further scrutiny,Conversation with professor followed by further scrutiny,Man,"White or Caucasian, Other",Undergraduate student,Junior (between 60 and 89 credits),3.6 - 4.0,
4fead5b7fdde41e8bc18cc463b2e8960.docx,12/13/2023,HUMAN_ONLY,9,62,5,11_14_2023 15_56_09_3_human.docx,Human,.docx,1205,11/14/2023 15:56,I consent,"Yes, I consent",Yes,Conversation with professor followed by further scrutiny,Conversation with professor followed by further scrutiny,Man,"White or Caucasian, Other",Undergraduate student,Junior (between 60 and 89 credits),3.6 - 4.0,
0eca38bdf04455de3c7db3482dde0572.docx,12/13/2023,MIXED,44,58,1,11_14_2023 15_56_09_1_ai.docx,AI,.docx,548,11/14/2023 15:56,I consent,"Yes, I consent",Yes,Conversation with professor followed by further scrutiny,Conversation with professor followed by further scrutiny,Man,"White or Caucasian, Other",Undergraduate student,Junior (between 60 and 89 credits),3.6 - 4.0,
e7e7c11e67b8d6846f4be7df93e2fb87.docx,12/13/2023,HUMAN_ONLY,3,117,1,11_9_2023 15_11_59_1_human.docx,Human,.docx,1465,11/9/2023 15:11,I consent,"Yes, I consent",Yes,Automatic zero on assignment,Automatic zero on assignment,Man,White or Caucasian,Undergraduate student,Senior (at least 90 credits),3.6 - 4.0,
d892e1f61c1f5efcf6beb27300e1619d.docx,12/13/2023,MIXED,10,120,4,11_9_2023 15_11_59_4_human.docx,Human,.docx,812,11/9/2023 15:11,I consent,"Yes, I consent",Yes,Automatic zero on assignment,Automatic zero on assignment,Man,White or Caucasian,Undergraduate student,Senior (at least 90 credits),3.6 - 4.0,
56006999214e6e3d38d2bc59637da278.docx,12/13/2023,MIXED,14,124,8,11_9_2023 15_11_59_8_human.docx,Human,.docx,4326,11/9/2023 15:11,I consent,"Yes, I consent",Yes,Automatic zero on assignment,Automatic zero on assignment,Man,White or Caucasian,Undergraduate student,Senior (at least 90 credits),3.6 - 4.0,
24026ea1ba26353452a31a29e5969aa0.docx,12/13/2023,MIXED,51,121,5,11_9_2023 15_11_59_5_human.docx,Human,.docx,902,11/9/2023 15:11,I consent,"Yes, I consent",Yes,Automatic zero on assignment,Automatic zero on assignment,Man,White or Caucasian,Undergraduate student,Senior (at least 90 credits),3.6 - 4.0,
90c9972a63b0b48828cc4b5f802b1d46.docx,12/13/2023,MIXED,10,119,3,11_9_2023 15_11_59_3_human.docx,Human,.docx,749,11/9/2023 15:11,I consent,"Yes, I consent",Yes,Automatic zero on assignment,Automatic zero on assignment,Man,White or Caucasian,Undergraduate student,Senior (at least 90 credits),3.6 - 4.0,
7e47857d725bd660eeb3bf12042554d3.docx,12/13/2023,HUMAN_ONLY,9,123,7,11_9_2023 15_11_59_7_human.docx,Human,.docx,784,11/9/2023 15:11,I consent,"Yes, I consent",Yes,Automatic zero on assignment,Automatic zero on assignment,Man,White or Caucasian,Undergraduate student,Senior (at least 90 credits),3.6 - 4.0,
6dc3019e56b008bf8c2f8503f044cefd.docx,12/13/2023,HUMAN_ONLY,0,122,6,11_9_2023 15_11_59_6_human.docx,Human,.docx,108,11/9/2023 15:11,I consent,"Yes, I consent",Yes,Automatic zero on assignment,Automatic zero on assignment,Man,White or Caucasian,Undergraduate student,Senior (at least 90 credits),3.6 - 4.0,
0aec81ce6fd619eec87b686a31226b01.docx,12/13/2023,HUMAN_ONLY,1,118,2,11_9_2023 15_11_59_2_human.docx,Human,.docx,338,11/9/2023 15:11,I consent,"Yes, I consent",Yes,Automatic zero on assignment,Automatic zero on assignment,Man,White or Caucasian,Undergraduate student,Senior (at least 90 credits),3.6 - 4.0,
e2bf9cdaa80416d13487f889fa512549.docx,12/13/2023,HUMAN_ONLY,3,139,1,11_9_2023 15_40_05_1_human.docx,Human,.docx,1238,11/9/2023 15:40,I consent,"Yes, I consent",Yes,Conversation with professor followed by further scrutiny,No punishment,Man,Black or African American,Undergraduate student,Junior (between 60 and 89 credits),3.1 - 3.5,
39043cfabe659d770e4bab85d1527e10.docx,12/13/2023,MIXED,26,140,2,11_9_2023 15_40_05_2_human.docx,Human,.docx,435,11/9/2023 15:40,I consent,"Yes, I consent",Yes,Conversation with professor followed by further scrutiny,No punishment,Man,Black or African American,Undergraduate student,Junior (between 60 and 89 credits),3.1 - 3.5,
c2108920e5bb596a4a6fc3cb3e697488.docx,12/13/2023,MIXED,49,71,1,11_27_2023 13_00_59_1_ai.docx,AI,.docx,481,11/27/2023 13:00,I consent,"Yes, I consent",Yes,Automatic zero on assignment,Automatic zero on assignment,Man,Black or African American,Graduate student,,,3.1 - 3.5
bf357b7c1871e854e40c14f786ae298c.pdf,12/13/2023,HUMAN_ONLY,3,136,2,11_9_2023 15_25_53_2_human.pdf,Human,.pdf,1065,11/9/2023 15:25,I consent,"Yes, I consent",Yes,Conversation with professor followed by further scrutiny,Conversation with professor followed by further scrutiny,Woman,White or Caucasian,Graduate student,,,3.6 - 4.0
bb595a390087379df827b13a0bc6b47c.pdf,12/13/2023,HUMAN_ONLY,3,138,4,11_9_2023 15_25_53_4_human.pdf,Human,.pdf,1817,11/9/2023 15:25,I consent,"Yes, I consent",Yes,Conversation with professor followed by further scrutiny,Conversation with professor followed by further scrutiny,Woman,White or Caucasian,Graduate student,,,3.6 - 4.0
9ffe4bbf904e23b09fce8427571be474.pdf,12/13/2023,MIXED,12,137,3,11_9_2023 15_25_53_3_human.pdf,Human,.pdf,1558,11/9/2023 15:25,I consent,"Yes, I consent",Yes,Conversation with professor followed by further scrutiny,Conversation with professor followed by further scrutiny,Woman,White or Caucasian,Graduate student,,,3.6 - 4.0
6c801cf59fb7ac7501d294be8f593d3d.pdf,12/13/2023,MIXED,12,135,1,11_9_2023 15_25_53_1_human.pdf,Human,.pdf,1279,11/9/2023 15:25,I consent,"Yes, I consent",Yes,Conversation with professor followed by further scrutiny,Conversation with professor followed by further scrutiny,Woman,White or Caucasian,Graduate student,,,3.6 - 4.0
be891e9eb6c9dbebb00743b8b4733dcb.pdf,12/13/2023,HUMAN_ONLY,3,159,1,12_5_2023 14_53_37_1_human.pdf,Human,.pdf,3055,12/5/2023 14:53,I consent,"Yes, I consent",No,Conversation with professor followed by further scrutiny,Conversation with professor followed by further scrutiny,Man,Asian,Graduate student,,,3.6 - 4.0
b8817516c18224a94f8587379baf07e2.docx,12/13/2023,MIXED,31,158,2,12_5_2023 14_32_20_2_human.docx,Human,.docx,1112,12/5/2023 14:32,I consent,"Yes, I consent",Yes,Automatic zero on assignment,Conversation with professor followed by further scrutiny,Man,White or Caucasian,Undergraduate student,Senior (at least 90 credits),3.6 - 4.0,
af8a5ef9a08862892f003af0c0ffe562.docx,12/13/2023,MIXED,25,157,1,12_5_2023 14_32_20_1_human.docx,Human,.docx,3052,12/5/2023 14:32,I consent,"Yes, I consent",Yes,Automatic zero on assignment,Conversation with professor followed by further scrutiny,Man,White or Caucasian,Undergraduate student,Senior (at least 90 credits),3.6 - 4.0,
ac8ae791a4daef71c2ae027f7a247482.docx,12/13/2023,MIXED,65,68,1,11_15_2023 14_14_06_1_ai.docx,AI,.docx,327,11/15/2023 14:14,I consent,"Yes, I consent",Yes,Conversation with professor followed by further scrutiny,Conversation with professor followed by further scrutiny,Man,,Undergraduate student,Sophomore (between 30 and 59 credits),3.1 - 3.5,
48606e0b586581c3d9fac1d7b2cdd1b8.docx,12/13/2023,MIXED,10,69,2,11_15_2023 14_14_06_1_human.docx,Human,.docx,1002,11/15/2023 14:14,I consent,"Yes, I consent",Yes,Conversation with professor followed by further scrutiny,Conversation with professor followed by further scrutiny,Man,,Undergraduate student,Sophomore (between 30 and 59 credits),3.1 - 3.5,
39679cbf60526db0bf921ab98f4279d2.docx,12/13/2023,HUMAN_ONLY,0,152,2,12_1_2023 13_11_10_2_human.docx,Human,.docx,1554,12/1/2023 13:11,I consent,"Yes, I consent",Yes,Conversation with professor followed by further scrutiny,Automatic zero on assignment,Woman,Prefer not to say,Undergraduate student,Freshman (between 0 and 29 credits),No GPA yet (Freshman),
861b49621130de60edca326e64293e6b.docx,12/13/2023,HUMAN_ONLY,0,156,6,12_1_2023 13_11_10_6_human.docx,Human,.docx,1173,12/1/2023 13:11,I consent,"Yes, I consent",Yes,Conversation with professor followed by further scrutiny,Automatic zero on assignment,Woman,Prefer not to say,Undergraduate student,Freshman (between 0 and 29 credits),No GPA yet (Freshman),
61c36791c6e0c1cb8b9adf800a507581.docx,12/13/2023,HUMAN_ONLY,0,153,3,12_1_2023 13_11_10_3_human.docx,Human,.docx,1047,12/1/2023 13:11,I consent,"Yes, I consent",Yes,Conversation with professor followed by further scrutiny,Automatic zero on assignment,Woman,Prefer not to say,Undergraduate student,Freshman (between 0 and 29 credits),No GPA yet (Freshman),
9de25441d202b7ff31e4bab342004655.docx,12/13/2023,HUMAN_ONLY,0,154,4,12_1_2023 13_11_10_4_human.docx,Human,.docx,1110,12/1/2023 13:11,I consent,"Yes, I consent",Yes,Conversation with professor followed by further scrutiny,Automatic zero on assignment,Woman,Prefer not to say,Undergraduate student,Freshman (between 0 and 29 credits),No GPA yet (Freshman),
5b44e43578ba0e044094cab88512dd49.docx,12/13/2023,HUMAN_ONLY,0,155,5,12_1_2023 13_11_10_5_human.docx,Human,.docx,1133,12/1/2023 13:11,I consent,"Yes, I consent",Yes,Conversation with professor followed by further scrutiny,Automatic zero on assignment,Woman,Prefer not to say,Undergraduate student,Freshman (between 0 and 29 credits),No GPA yet (Freshman),
3a4b620e72a239ef03d17496a383e3f0.docx,12/13/2023,HUMAN_ONLY,0,151,1,12_1_2023 13_11_10_1_human.docx,Human,.docx,1500,12/1/2023 13:11,I consent,"Yes, I consent",Yes,Conversation with professor followed by further scrutiny,Automatic zero on assignment,Woman,Prefer not to say,Undergraduate student,Freshman (between 0 and 29 credits),No GPA yet (Freshman),
829d5d1cf1f0294881683c0feb35963d.pdf,12/13/2023,HUMAN_ONLY,1,70,1,11_15_2023 17_01_09_1_human.pdf,Human,.pdf,2745,11/15/2023 17:01,I consent,"Yes, I consent",No,Automatic zero on assignment,Automatic zero on assignment,Woman,White or Caucasian,Graduate student,,,3.6 - 4.0
8c96293e1373baa915862e7702290b25.docx,12/13/2023,HUMAN_ONLY,0,116,1,11_9_2023 14_55_33_1_human.docx,Human,.docx,1601,11/9/2023 14:55,I consent,"Yes, I consent",Yes,Conversation with professor followed by further scrutiny,Conversation with professor followed by further scrutiny,Prefer not to say,Prefer not to say,Undergraduate student,Senior (at least 90 credits),3.6 - 4.0,
2dfc6f83dc7d6089343f405d0c1773fb.txt,12/13/2023,MIXED,22,160,1,12_9_2023 18_14_22_1_human.txt,Human,.txt,2504,12/9/2023 18:14,I consent,"Yes, I consent",Yes,Automatic XF for the course (Fail with academic dishonesty),Automatic zero on assignment,Man,Asian,Undergraduate student,Senior (at least 90 credits),3.6 - 4.0,
